id;name;email;subject;message
1;Profit-focused XSS;Mustafa69@yahoo.com;Division;../fake-data/blob/hipster.txt
2;optical Direct;Alexandro.Hirthe48@hotmail.com;Handcrafted Soft Bacon;../fake-data/blob/hipster.txt
3;mint green;Nadia_Blanda@hotmail.com;Jordan;../fake-data/blob/hipster.txt
4;Iowa Optional;Maude.Rosenbaum@hotmail.com;Cambridgeshire;../fake-data/blob/hipster.txt
5;AI;Kali_Hamill78@gmail.com;turquoise static;../fake-data/blob/hipster.txt
6;Pants Wooden;Zakary.Langosh@hotmail.com;deposit payment;../fake-data/blob/hipster.txt
7;Valley;Esther52@hotmail.com;interfaces clicks-and-mortar;../fake-data/blob/hipster.txt
8;bypassing Pants;Shakira.Grady@gmail.com;Alaska Saint Helena Pound;../fake-data/blob/hipster.txt
9;salmon Electronics;Sid_Reinger15@gmail.com;Implementation;../fake-data/blob/hipster.txt
10;Home Loan Account;Ayden32@yahoo.com;sensor Rapid;../fake-data/blob/hipster.txt
